{
  "hash": "2300290f",
  "configHash": "72dda1e0",
  "lockfileHash": "84523247",
  "browserHash": "4fac28f9",
  "optimized": {
    "@angular/common": {
      "src": "../../../../../../node_modules/@angular/common/fesm2022/common.mjs",
      "file": "@angular_common.js",
      "fileHash": "2f2180a3",
      "needsInterop": false
    },
    "@angular/common/http": {
      "src": "../../../../../../node_modules/@angular/common/fesm2022/http.mjs",
      "file": "@angular_common_http.js",
      "fileHash": "7b5332ab",
      "needsInterop": false
    },
    "@angular/common/locales/es": {
      "src": "../../../../../../node_modules/@angular/common/locales/es.js",
      "file": "@angular_common_locales_es.js",
      "fileHash": "66a617e7",
      "needsInterop": false
    },
    "@angular/core": {
      "src": "../../../../../../node_modules/@angular/core/fesm2022/core.mjs",
      "file": "@angular_core.js",
      "fileHash": "f05b41e5",
      "needsInterop": false
    },
    "@angular/forms": {
      "src": "../../../../../../node_modules/@angular/forms/fesm2022/forms.mjs",
      "file": "@angular_forms.js",
      "fileHash": "343c09c8",
      "needsInterop": false
    },
    "@angular/platform-browser": {
      "src": "../../../../../../node_modules/@angular/platform-browser/fesm2022/platform-browser.mjs",
      "file": "@angular_platform-browser.js",
      "fileHash": "c5e6f36f",
      "needsInterop": false
    },
    "@angular/router": {
      "src": "../../../../../../node_modules/@angular/router/fesm2022/router.mjs",
      "file": "@angular_router.js",
      "fileHash": "ec23df43",
      "needsInterop": false
    },
    "rxjs": {
      "src": "../../../../../../node_modules/rxjs/dist/esm5/index.js",
      "file": "rxjs.js",
      "fileHash": "6b12c78d",
      "needsInterop": false
    },
    "tslib": {
      "src": "../../../../../../node_modules/tslib/tslib.es6.mjs",
      "file": "tslib.js",
      "fileHash": "1b56a05e",
      "needsInterop": false
    },
    "zone.js": {
      "src": "../../../../../../node_modules/zone.js/fesm2015/zone.js",
      "file": "zone__js.js",
      "fileHash": "52836779",
      "needsInterop": true
    }
  },
  "chunks": {
    "chunk-YP64WN5B": {
      "file": "chunk-YP64WN5B.js"
    },
    "chunk-2XJ4QKC5": {
      "file": "chunk-2XJ4QKC5.js"
    },
    "chunk-K27R7UAE": {
      "file": "chunk-K27R7UAE.js"
    },
    "chunk-W7ENOTKE": {
      "file": "chunk-W7ENOTKE.js"
    },
    "chunk-GZSZNALM": {
      "file": "chunk-GZSZNALM.js"
    },
    "chunk-MDWNBTJR": {
      "file": "chunk-MDWNBTJR.js"
    },
    "chunk-6KNO4II2": {
      "file": "chunk-6KNO4II2.js"
    },
    "chunk-WDMUDEB6": {
      "file": "chunk-WDMUDEB6.js"
    }
  }
}