{
  "hash": "657ebb25",
  "configHash": "ed50454a",
  "lockfileHash": "414fd6e4",
  "browserHash": "a45eb348",
  "optimized": {
    "@angular/cdk/bidi": {
      "src": "../../../../../../node_modules/@angular/cdk/fesm2022/bidi.mjs",
      "file": "@angular_cdk_bidi.js",
      "fileHash": "5ba12c42",
      "needsInterop": false
    },
    "@angular/common": {
      "src": "../../../../../../node_modules/@angular/common/fesm2022/common.mjs",
      "file": "@angular_common.js",
      "fileHash": "c471c186",
      "needsInterop": false
    },
    "@angular/common/http": {
      "src": "../../../../../../node_modules/@angular/common/fesm2022/http.mjs",
      "file": "@angular_common_http.js",
      "fileHash": "6d3cabaf",
      "needsInterop": false
    },
    "@angular/common/locales/es": {
      "src": "../../../../../../node_modules/@angular/common/locales/es.js",
      "file": "@angular_common_locales_es.js",
      "fileHash": "c4a3a76e",
      "needsInterop": false
    },
    "@angular/core": {
      "src": "../../../../../../node_modules/@angular/core/fesm2022/core.mjs",
      "file": "@angular_core.js",
      "fileHash": "babf111c",
      "needsInterop": false
    },
    "@angular/forms": {
      "src": "../../../../../../node_modules/@angular/forms/fesm2022/forms.mjs",
      "file": "@angular_forms.js",
      "fileHash": "786e4e1e",
      "needsInterop": false
    },
    "@angular/material/button": {
      "src": "../../../../../../node_modules/@angular/material/fesm2022/button.mjs",
      "file": "@angular_material_button.js",
      "fileHash": "a36d2699",
      "needsInterop": false
    },
    "@angular/material/dialog": {
      "src": "../../../../../../node_modules/@angular/material/fesm2022/dialog.mjs",
      "file": "@angular_material_dialog.js",
      "fileHash": "28097d7f",
      "needsInterop": false
    },
    "@angular/material/snack-bar": {
      "src": "../../../../../../node_modules/@angular/material/fesm2022/snack-bar.mjs",
      "file": "@angular_material_snack-bar.js",
      "fileHash": "1e7b87aa",
      "needsInterop": false
    },
    "@angular/material/table": {
      "src": "../../../../../../node_modules/@angular/material/fesm2022/table.mjs",
      "file": "@angular_material_table.js",
      "fileHash": "087e4f60",
      "needsInterop": false
    },
    "@angular/platform-browser": {
      "src": "../../../../../../node_modules/@angular/platform-browser/fesm2022/platform-browser.mjs",
      "file": "@angular_platform-browser.js",
      "fileHash": "39827f62",
      "needsInterop": false
    },
    "@angular/router": {
      "src": "../../../../../../node_modules/@angular/router/fesm2022/router.mjs",
      "file": "@angular_router.js",
      "fileHash": "db852327",
      "needsInterop": false
    },
    "@ng-select/ng-select": {
      "src": "../../../../../../node_modules/@ng-select/ng-select/fesm2022/ng-select-ng-select.mjs",
      "file": "@ng-select_ng-select.js",
      "fileHash": "5d7fba91",
      "needsInterop": false
    },
    "rxjs": {
      "src": "../../../../../../node_modules/rxjs/dist/esm5/index.js",
      "file": "rxjs.js",
      "fileHash": "87b024c9",
      "needsInterop": false
    },
    "rxjs/operators": {
      "src": "../../../../../../node_modules/rxjs/dist/esm5/operators/index.js",
      "file": "rxjs_operators.js",
      "fileHash": "df622592",
      "needsInterop": false
    },
    "zone.js": {
      "src": "../../../../../../node_modules/zone.js/fesm2015/zone.js",
      "file": "zone__js.js",
      "fileHash": "6c188281",
      "needsInterop": true
    }
  },
  "chunks": {
    "chunk-COV4CHMZ": {
      "file": "chunk-COV4CHMZ.js"
    },
    "chunk-F7BRYWJP": {
      "file": "chunk-F7BRYWJP.js"
    },
    "chunk-LG2EY3VA": {
      "file": "chunk-LG2EY3VA.js"
    },
    "chunk-RE3A5XXI": {
      "file": "chunk-RE3A5XXI.js"
    },
    "chunk-IWW22QFA": {
      "file": "chunk-IWW22QFA.js"
    },
    "chunk-T3BZZAZK": {
      "file": "chunk-T3BZZAZK.js"
    },
    "chunk-S2LJCMEN": {
      "file": "chunk-S2LJCMEN.js"
    },
    "chunk-4Z5V7SZL": {
      "file": "chunk-4Z5V7SZL.js"
    },
    "chunk-MRQ6PD6R": {
      "file": "chunk-MRQ6PD6R.js"
    },
    "chunk-CJUWUCEC": {
      "file": "chunk-CJUWUCEC.js"
    },
    "chunk-W7ENOTKE": {
      "file": "chunk-W7ENOTKE.js"
    },
    "chunk-32W7TYYW": {
      "file": "chunk-32W7TYYW.js"
    },
    "chunk-YVXMBCE5": {
      "file": "chunk-YVXMBCE5.js"
    },
    "chunk-G6ECYYJH": {
      "file": "chunk-G6ECYYJH.js"
    },
    "chunk-RTGP7ALM": {
      "file": "chunk-RTGP7ALM.js"
    },
    "chunk-WDMUDEB6": {
      "file": "chunk-WDMUDEB6.js"
    }
  }
}